student_id,student_name,question_id,student_answer,is_correct,score
S001,张明,Q001,x=4,1,1.0
S001,张明,Q002,6a-5,0,0.0
S001,张明,Q003,13 平方厘米,0,0.0
S001,张明,Q004,x=2 或 x=3,1,1.0
S001,张明,Q005,2,0,0.0
S001,张明,Q006,x+1,1,1.0
S001,张明,Q007,证明过程不完整,0,0.0
S001,张明,Q008,x=6,1,1.0
S001,张明,Q009,x=-4,1,1.0
S001,张明,Q010,5x-8,1,1.0
S001,张明,Q011,42 厘米,0,0.0
S001,张明,Q012,x=3 或 x=-3,1,1.0
S001,张明,Q013,-2,1,1.0
S001,张明,Q014,1/(2x),1,1.0
S001,张明,Q015,无法判断,0,0.0
S001,张明,Q016,3/5,1,1.0
S001,张明,Q017,30%,1,1.0
S001,张明,Q018,相加等于圆心角,0,0.0
S001,张明,Q019,x=3,1,1.0
S001,张明,Q020,18,0,0.0
S001,张明,Q021,8℃,1,1.0
S001,张明,Q022,1/3,1,1.0
S001,张明,Q023,15,1,1.0
S001,张明,Q024,垂直,1,1.0
S001,张明,Q025,x=4,1,1.0
S001,张明,Q026,(x+2)(x+3),1,1.0
S001,张明,Q027,13,0,0.0
S001,张明,Q028,5/6,1,1.0
S001,张明,Q029,连接一条对角线,1,1.0
S001,张明,Q030,10,1,1.0
S001,张明,Q031,1/2,1,1.0
S001,张明,Q032,10,1,1.0
S002,李华,Q001,x=4,1,1.0
S002,李华,Q002,5a-5,1,1.0
S002,李华,Q003,20 平方厘米,1,1.0
S002,李华,Q004,x=2 或 x=3,1,1.0
S002,李华,Q005,1,1,1.0
S002,李华,Q006,x+1,1,1.0
S002,李华,Q007,作顶角平分线，可证明两个三角形全等，从而底角相等。,1,1.0
S002,李华,Q008,x=6,1,1.0
S002,李华,Q009,x=-4,1,1.0
S002,李华,Q010,5x-8,1,1.0
S002,李华,Q011,42 平方厘米,1,1.0
S002,李华,Q012,x=3 或 x=-3,1,1.0
S002,李华,Q013,-2,1,1.0
S002,李华,Q014,1/(2x),1,1.0
S002,李华,Q015,不一定相似,0,0.0
S002,李华,Q016,3/5,1,1.0
S002,李华,Q017,30%,1,1.0
S002,李华,Q018,相等,1,1.0
S002,李华,Q019,x=3,1,1.0
S002,李华,Q020,18,0,0.0
S002,李华,Q021,8℃,1,1.0
S002,李华,Q022,1/3,1,1.0
S002,李华,Q023,15,1,1.0
S002,李华,Q024,垂直,1,1.0
S002,李华,Q025,x=4,1,1.0
S002,李华,Q026,不能分解,0,0.0
S002,李华,Q027,1,1,1.0
S002,李华,Q028,2/6,0,0.0
S002,李华,Q029,不用辅助线,0,0.0
S002,李华,Q030,10,1,1.0
S002,李华,Q031,1/2,1,1.0
S002,李华,Q032,10,1,1.0
S003,王芳,Q001,x=7,0,0.0
S003,王芳,Q002,5a-5,1,1.0
S003,王芳,Q003,20 平方厘米,1,1.0
S003,王芳,Q004,x=2,0,0.0
S003,王芳,Q005,1,1,1.0
S003,王芳,Q006,x^2+1,0,0.0
S003,王芳,Q007,因为两边相等所以角相等,0,0.0
S003,王芳,Q008,x=8,0,0.0
S003,王芳,Q009,x=9,0,0.0
S003,王芳,Q010,6x-8,0,0.0
S003,王芳,Q011,42 平方厘米,1,1.0
S003,王芳,Q012,x=3,0,0.0
S003,王芳,Q013,-2,1,1.0
S003,王芳,Q014,1/2,0,0.0
S003,王芳,Q015,不一定相似,0,0.0
S003,王芳,Q016,3/5,1,1.0
S003,王芳,Q017,40%,0,0.0
S003,王芳,Q018,相等,1,1.0
S003,王芳,Q019,x=2,0,0.0
S003,王芳,Q020,8,1,1.0
S003,王芳,Q021,8℃,1,1.0
S003,王芳,Q022,1/3,1,1.0
S003,王芳,Q023,15,1,1.0
S003,王芳,Q024,垂直,1,1.0
S003,王芳,Q025,x=8,0,0.0
S003,王芳,Q026,不能分解,0,0.0
S003,王芳,Q027,1,1,1.0
S003,王芳,Q028,2/6,0,0.0
S003,王芳,Q029,连接任意一边,0,0.0
S003,王芳,Q030,10,1,1.0
S003,王芳,Q031,1/2,1,1.0
S003,王芳,Q032,10,1,1.0
S004,赵强,Q001,x=4,1,1.0
S004,赵强,Q002,5a-5,1,1.0
S004,赵强,Q003,20 平方厘米,1,1.0
S004,赵强,Q004,x=2 或 x=3,1,1.0
S004,赵强,Q005,1,1,1.0
S004,赵强,Q006,x+1,1,1.0
S004,赵强,Q007,两角相等,0,0.0
S004,赵强,Q008,x=6,1,1.0
S004,赵强,Q009,x=-4,1,1.0
S004,赵强,Q010,5x-8,1,1.0
S004,赵强,Q011,42 平方厘米,1,1.0
S004,赵强,Q012,x=3 或 x=-3,1,1.0
S004,赵强,Q013,-2,1,1.0
S004,赵强,Q014,1/(2x),1,1.0
S004,赵强,Q015,全等,0,0.0
S004,赵强,Q016,3/5,1,1.0
S004,赵强,Q017,30%,1,1.0
S004,赵强,Q018,不确定,0,0.0
S004,赵强,Q019,x=3,1,1.0
S004,赵强,Q020,8,1,1.0
S004,赵强,Q021,8℃,1,1.0
S004,赵强,Q022,1/3,1,1.0
S004,赵强,Q023,2.4,0,0.0
S004,赵强,Q024,重合,0,0.0
S004,赵强,Q025,x=3,0,0.0
S004,赵强,Q026,(x+2)(x+3),1,1.0
S004,赵强,Q027,7,0,0.0
S004,赵强,Q028,2/5,0,0.0
S004,赵强,Q029,不用辅助线,0,0.0
S004,赵强,Q030,10,1,1.0
S004,赵强,Q031,1/2,1,1.0
S004,赵强,Q032,25,0,0.0
S005,陈晨,Q001,x=7,0,0.0
S005,陈晨,Q002,a-5,0,0.0
S005,陈晨,Q003,20 平方厘米,1,1.0
S005,陈晨,Q004,不会,0,0.0
S005,陈晨,Q005,2,0,0.0
S005,陈晨,Q006,x+1,1,1.0
S005,陈晨,Q007,证明过程不完整,0,0.0
S005,陈晨,Q008,x=6,1,1.0
S005,陈晨,Q009,x=-4,1,1.0
S005,陈晨,Q010,5x-8,1,1.0
S005,陈晨,Q011,60 平方厘米,0,0.0
S005,陈晨,Q012,x=-9 或 x=9,0,0.0
S005,陈晨,Q013,10,0,0.0
S005,陈晨,Q014,1/(2x),1,1.0
S005,陈晨,Q015,无法判断,0,0.0
S005,陈晨,Q016,3/5,1,1.0
S005,陈晨,Q017,3%,0,0.0
S005,陈晨,Q018,不确定,0,0.0
S005,陈晨,Q019,x=2,0,0.0
S005,陈晨,Q020,10,0,0.0
S005,陈晨,Q021,8℃,1,1.0
S005,陈晨,Q022,1/3,1,1.0
S005,陈晨,Q023,15,1,1.0
S005,陈晨,Q024,垂直,1,1.0
S005,陈晨,Q025,x=6,0,0.0
S005,陈晨,Q026,不能分解,0,0.0
S005,陈晨,Q027,-1,0,0.0
S005,陈晨,Q028,5/6,1,1.0
S005,陈晨,Q029,连接一条对角线,1,1.0
S005,陈晨,Q030,10,1,1.0
S005,陈晨,Q031,1/2,1,1.0
S005,陈晨,Q032,25,0,0.0
S006,周雨欣,Q001,x=4,1,1.0
S006,周雨欣,Q002,5a-5,1,1.0
S006,周雨欣,Q003,20 平方厘米,1,1.0
S006,周雨欣,Q004,不会,0,0.0
S006,周雨欣,Q005,2,0,0.0
S006,周雨欣,Q006,x+1,1,1.0
S006,周雨欣,Q007,作顶角平分线，可证明两个三角形全等，从而底角相等。,1,1.0
S006,周雨欣,Q008,x=2,0,0.0
S006,周雨欣,Q009,x=-4,1,1.0
S006,周雨欣,Q010,6x-8,0,0.0
S006,周雨欣,Q011,60 平方厘米,0,0.0
S006,周雨欣,Q012,x=3 或 x=-3,1,1.0
S006,周雨欣,Q013,-2,1,1.0
S006,周雨欣,Q014,1/2,0,0.0
S006,周雨欣,Q015,相似,1,1.0
S006,周雨欣,Q016,3/5,1,1.0
S006,周雨欣,Q017,30%,1,1.0
S006,周雨欣,Q018,相等,1,1.0
S006,周雨欣,Q019,x=3,1,1.0
S006,周雨欣,Q020,6,0,0.0
S006,周雨欣,Q021,8℃,1,1.0
S006,周雨欣,Q022,1/3,1,1.0
S006,周雨欣,Q023,12,0,0.0
S006,周雨欣,Q024,垂直,1,1.0
S006,周雨欣,Q025,x=8,0,0.0
S006,周雨欣,Q026,(x+2)(x+3),1,1.0
S006,周雨欣,Q027,1,1,1.0
S006,周雨欣,Q028,2/5,0,0.0
S006,周雨欣,Q029,连接一条对角线,1,1.0
S006,周雨欣,Q030,10,1,1.0
S006,周雨欣,Q031,3/4,0,0.0
S006,周雨欣,Q032,10,1,1.0
S007,吴浩,Q001,x=4,1,1.0
S007,吴浩,Q002,5a-5,1,1.0
S007,吴浩,Q003,20 平方厘米,1,1.0
S007,吴浩,Q004,x=2 或 x=3,1,1.0
S007,吴浩,Q005,-1,0,0.0
S007,吴浩,Q006,1,0,0.0
S007,吴浩,Q007,作顶角平分线，可证明两个三角形全等，从而底角相等。,1,1.0
S007,吴浩,Q008,x=8,0,0.0
S007,吴浩,Q009,x=-4,1,1.0
S007,吴浩,Q010,5x-8,1,1.0
S007,吴浩,Q011,42 平方厘米,1,1.0
S007,吴浩,Q012,x=3 或 x=-3,1,1.0
S007,吴浩,Q013,-10,0,0.0
S007,吴浩,Q014,1/(2x),1,1.0
S007,吴浩,Q015,不一定相似,0,0.0
S007,吴浩,Q016,3/5,1,1.0
S007,吴浩,Q017,30%,1,1.0
S007,吴浩,Q018,互补,0,0.0
S007,吴浩,Q019,x=2,0,0.0
S007,吴浩,Q020,18,0,0.0
S007,吴浩,Q021,8℃,1,1.0
S007,吴浩,Q022,1/3,1,1.0
S007,吴浩,Q023,15,1,1.0
S007,吴浩,Q024,垂直,1,1.0
S007,吴浩,Q025,x=4,1,1.0
S007,吴浩,Q026,(x+2)(x+3),1,1.0
S007,吴浩,Q027,13,0,0.0
S007,吴浩,Q028,5/6,1,1.0
S007,吴浩,Q029,连接任意一边,0,0.0
S007,吴浩,Q030,10,1,1.0
S007,吴浩,Q031,1/2,1,1.0
S007,吴浩,Q032,10,1,1.0
S008,郑可,Q001,x=4,1,1.0
S008,郑可,Q002,5a-5,1,1.0
S008,郑可,Q003,20 平方厘米,1,1.0
S008,郑可,Q004,x=2,0,0.0
S008,郑可,Q005,1,1,1.0
S008,郑可,Q006,x^2+1,0,0.0
S008,郑可,Q007,作顶角平分线，可证明两个三角形全等，从而底角相等。,1,1.0
S008,郑可,Q008,x=6,1,1.0
S008,郑可,Q009,x=-4,1,1.0
S008,郑可,Q010,5x-8,1,1.0
S008,郑可,Q011,42 平方厘米,1,1.0
S008,郑可,Q012,x=3 或 x=-3,1,1.0
S008,郑可,Q013,-2,1,1.0
S008,郑可,Q014,1/(4x),0,0.0
S008,郑可,Q015,相似,1,1.0
S008,郑可,Q016,2/5,0,0.0
S008,郑可,Q017,40%,0,0.0
S008,郑可,Q018,不确定,0,0.0
S008,郑可,Q019,x=3,1,1.0
S008,郑可,Q020,8,1,1.0
S008,郑可,Q021,44℃,0,0.0
S008,郑可,Q022,1/3,1,1.0
S008,郑可,Q023,2.4,0,0.0
S008,郑可,Q024,垂直,1,1.0
S008,郑可,Q025,x=4,1,1.0
S008,郑可,Q026,不能分解,0,0.0
S008,郑可,Q027,7,0,0.0
S008,郑可,Q028,5/6,1,1.0
S008,郑可,Q029,连接一条对角线,1,1.0
S008,郑可,Q030,10,1,1.0
S008,郑可,Q031,1/2,1,1.0
S008,郑可,Q032,10,1,1.0
S009,孙悦,Q001,x=4,1,1.0
S009,孙悦,Q002,5a-5,1,1.0
S009,孙悦,Q003,20 平方厘米,1,1.0
S009,孙悦,Q004,x=2 或 x=3,1,1.0
S009,孙悦,Q005,1,1,1.0
S009,孙悦,Q006,x^2+1,0,0.0
S009,孙悦,Q007,证明过程不完整,0,0.0
S009,孙悦,Q008,x=6,1,1.0
S009,孙悦,Q009,x=-4,1,1.0
S009,孙悦,Q010,5x-8,1,1.0
S009,孙悦,Q011,42 平方厘米,1,1.0
S009,孙悦,Q012,x=3 或 x=-3,1,1.0
S009,孙悦,Q013,-2,1,1.0
S009,孙悦,Q014,1/(2x),1,1.0
S009,孙悦,Q015,全等,0,0.0
S009,孙悦,Q016,3/5,1,1.0
S009,孙悦,Q017,30%,1,1.0
S009,孙悦,Q018,互补,0,0.0
S009,孙悦,Q019,x=3,1,1.0
S009,孙悦,Q020,8,1,1.0
S009,孙悦,Q021,8℃,1,1.0
S009,孙悦,Q022,1/3,1,1.0
S009,孙悦,Q023,15,1,1.0
S009,孙悦,Q024,垂直,1,1.0
S009,孙悦,Q025,x=8,0,0.0
S009,孙悦,Q026,(x+2)(x+3),1,1.0
S009,孙悦,Q027,7,0,0.0
S009,孙悦,Q028,5/6,1,1.0
S009,孙悦,Q029,只看图即可,0,0.0
S009,孙悦,Q030,10,1,1.0
S009,孙悦,Q031,2,0,0.0
S009,孙悦,Q032,10,1,1.0
S010,马宇航,Q001,x=4,1,1.0
S010,马宇航,Q002,5a-5,1,1.0
S010,马宇航,Q003,20 平方厘米,1,1.0
S010,马宇航,Q004,x=2,0,0.0
S010,马宇航,Q005,1,1,1.0
S010,马宇航,Q006,x+1,1,1.0
S010,马宇航,Q007,因为两边相等所以角相等,0,0.0
S010,马宇航,Q008,x=6,1,1.0
S010,马宇航,Q009,x=-4,1,1.0
S010,马宇航,Q010,5x-8,1,1.0
S010,马宇航,Q011,42 厘米,0,0.0
S010,马宇航,Q012,x=3 或 x=-3,1,1.0
S010,马宇航,Q013,-2,1,1.0
S010,马宇航,Q014,1/(2x),1,1.0
S010,马宇航,Q015,相似,1,1.0
S010,马宇航,Q016,3/5,1,1.0
S010,马宇航,Q017,30%,1,1.0
S010,马宇航,Q018,相等,1,1.0
S010,马宇航,Q019,x=2,0,0.0
S010,马宇航,Q020,8,1,1.0
S010,马宇航,Q021,8℃,1,1.0
S010,马宇航,Q022,1/6,0,0.0
S010,马宇航,Q023,12,0,0.0
S010,马宇航,Q024,垂直,1,1.0
S010,马宇航,Q025,x=4,1,1.0
S010,马宇航,Q026,(x+2)(x+3),1,1.0
S010,马宇航,Q027,1,1,1.0
S010,马宇航,Q028,5/6,1,1.0
S010,马宇航,Q029,连接任意一边,0,0.0
S010,马宇航,Q030,10,1,1.0
S010,马宇航,Q031,1/2,1,1.0
S010,马宇航,Q032,10,1,1.0
S011,林嘉怡,Q001,x=4,1,1.0
S011,林嘉怡,Q002,5a-5,1,1.0
S011,林嘉怡,Q003,20 平方厘米,1,1.0
S011,林嘉怡,Q004,x=2 或 x=3,1,1.0
S011,林嘉怡,Q005,1,1,1.0
S011,林嘉怡,Q006,1,0,0.0
S011,林嘉怡,Q007,作顶角平分线，可证明两个三角形全等，从而底角相等。,1,1.0
S011,林嘉怡,Q008,x=6,1,1.0
S011,林嘉怡,Q009,x=-4,1,1.0
S011,林嘉怡,Q010,5x-8,1,1.0
S011,林嘉怡,Q011,42 平方厘米,1,1.0
S011,林嘉怡,Q012,x=3 或 x=-3,1,1.0
S011,林嘉怡,Q013,-2,1,1.0
S011,林嘉怡,Q014,1/(4x),0,0.0
S011,林嘉怡,Q015,相似,1,1.0
S011,林嘉怡,Q016,1/3,0,0.0
S011,林嘉怡,Q017,30%,1,1.0
S011,林嘉怡,Q018,相等,1,1.0
S011,林嘉怡,Q019,x=3,1,1.0
S011,林嘉怡,Q020,18,0,0.0
S011,林嘉怡,Q021,8℃,1,1.0
S011,林嘉怡,Q022,1/3,1,1.0
S011,林嘉怡,Q023,30,0,0.0
S011,林嘉怡,Q024,垂直,1,1.0
S011,林嘉怡,Q025,x=4,1,1.0
S011,林嘉怡,Q026,(x+2)(x+3),1,1.0
S011,林嘉怡,Q027,1,1,1.0
S011,林嘉怡,Q028,1/5,0,0.0
S011,林嘉怡,Q029,连接一条对角线,1,1.0
S011,林嘉怡,Q030,10,1,1.0
S011,林嘉怡,Q031,1/2,1,1.0
S011,林嘉怡,Q032,10,1,1.0
S012,何俊,Q001,x=4,1,1.0
S012,何俊,Q002,a-5,0,0.0
S012,何俊,Q003,20 平方厘米,1,1.0
S012,何俊,Q004,不会,0,0.0
S012,何俊,Q005,1,1,1.0
S012,何俊,Q006,1,0,0.0
S012,何俊,Q007,两角相等,0,0.0
S012,何俊,Q008,x=4,0,0.0
S012,何俊,Q009,x=4,0,0.0
S012,何俊,Q010,5x-8,1,1.0
S012,何俊,Q011,42 平方厘米,1,1.0
S012,何俊,Q012,x=3 或 x=-3,1,1.0
S012,何俊,Q013,-2,1,1.0
S012,何俊,Q014,2x,0,0.0
S012,何俊,Q015,相似,1,1.0
S012,何俊,Q016,3/5,1,1.0
S012,何俊,Q017,30%,1,1.0
S012,何俊,Q018,相等,1,1.0
S012,何俊,Q019,x=-3,0,0.0
S012,何俊,Q020,8,1,1.0
S012,何俊,Q021,8℃,1,1.0
S012,何俊,Q022,1/3,1,1.0
S012,何俊,Q023,30,0,0.0
S012,何俊,Q024,垂直,1,1.0
S012,何俊,Q025,x=8,0,0.0
S012,何俊,Q026,(x+2)(x+3),1,1.0
S012,何俊,Q027,1,1,1.0
S012,何俊,Q028,5/6,1,1.0
S012,何俊,Q029,只看图即可,0,0.0
S012,何俊,Q030,10,1,1.0
S012,何俊,Q031,1/2,1,1.0
S012,何俊,Q032,10,1,1.0
S013,高蕾,Q001,x=4,1,1.0
S013,高蕾,Q002,5a-5,1,1.0
S013,高蕾,Q003,20 平方厘米,1,1.0
S013,高蕾,Q004,x=1 或 x=6,0,0.0
S013,高蕾,Q005,2,0,0.0
S013,高蕾,Q006,x-1,0,0.0
S013,高蕾,Q007,两角相等,0,0.0
S013,高蕾,Q008,x=6,1,1.0
S013,高蕾,Q009,x=-4,1,1.0
S013,高蕾,Q010,5x-8,1,1.0
S013,高蕾,Q011,60 平方厘米,0,0.0
S013,高蕾,Q012,x=3 或 x=-3,1,1.0
S013,高蕾,Q013,-2,1,1.0
S013,高蕾,Q014,2x,0,0.0
S013,高蕾,Q015,全等,0,0.0
S013,高蕾,Q016,3/5,1,1.0
S013,高蕾,Q017,30%,1,1.0
S013,高蕾,Q018,相等,1,1.0
S013,高蕾,Q019,x=2,0,0.0
S013,高蕾,Q020,10,0,0.0
S013,高蕾,Q021,8℃,1,1.0
S013,高蕾,Q022,1/3,1,1.0
S013,高蕾,Q023,12,0,0.0
S013,高蕾,Q024,垂直,1,1.0
S013,高蕾,Q025,x=4,1,1.0
S013,高蕾,Q026,(x+2)(x+3),1,1.0
S013,高蕾,Q027,7,0,0.0
S013,高蕾,Q028,2/6,0,0.0
S013,高蕾,Q029,连接一条对角线,1,1.0
S013,高蕾,Q030,10,1,1.0
S013,高蕾,Q031,1/2,1,1.0
S013,高蕾,Q032,10,1,1.0
S014,许诺,Q001,x=4,1,1.0
S014,许诺,Q002,5a-5,1,1.0
S014,许诺,Q003,20 平方厘米,1,1.0
S014,许诺,Q004,x=2 或 x=3,1,1.0
S014,许诺,Q005,3,0,0.0
S014,许诺,Q006,x^2+1,0,0.0
S014,许诺,Q007,作顶角平分线，可证明两个三角形全等，从而底角相等。,1,1.0
S014,许诺,Q008,x=6,1,1.0
S014,许诺,Q009,x=-9,0,0.0
S014,许诺,Q010,5x-8,1,1.0
S014,许诺,Q011,84 平方厘米,0,0.0
S014,许诺,Q012,x=3 或 x=-3,1,1.0
S014,许诺,Q013,-2,1,1.0
S014,许诺,Q014,2x,0,0.0
S014,许诺,Q015,相似,1,1.0
S014,许诺,Q016,3/5,1,1.0
S014,许诺,Q017,30%,1,1.0
S014,许诺,Q018,相等,1,1.0
S014,许诺,Q019,x=3,1,1.0
S014,许诺,Q020,8,1,1.0
S014,许诺,Q021,8℃,1,1.0
S014,许诺,Q022,1/2,0,0.0
S014,许诺,Q023,15,1,1.0
S014,许诺,Q024,垂直,1,1.0
S014,许诺,Q025,x=4,1,1.0
S014,许诺,Q026,(x+2)(x+3),1,1.0
S014,许诺,Q027,1,1,1.0
S014,许诺,Q028,5/6,1,1.0
S014,许诺,Q029,连接一条对角线,1,1.0
S014,许诺,Q030,10,1,1.0
S014,许诺,Q031,3/4,0,0.0
S014,许诺,Q032,10,1,1.0
S015,唐一鸣,Q001,x=4,1,1.0
S015,唐一鸣,Q002,5a-5,1,1.0
S015,唐一鸣,Q003,20 厘米,0,0.0
S015,唐一鸣,Q004,x=2 或 x=3,1,1.0
S015,唐一鸣,Q005,1,1,1.0
S015,唐一鸣,Q006,x+1,1,1.0
S015,唐一鸣,Q007,证明过程不完整,0,0.0
S015,唐一鸣,Q008,x=6,1,1.0
S015,唐一鸣,Q009,x=-4,1,1.0
S015,唐一鸣,Q010,5x-8,1,1.0
S015,唐一鸣,Q011,60 平方厘米,0,0.0
S015,唐一鸣,Q012,x=3 或 x=-3,1,1.0
S015,唐一鸣,Q013,-2,1,1.0
S015,唐一鸣,Q014,1/(2x),1,1.0
S015,唐一鸣,Q015,相似,1,1.0
S015,唐一鸣,Q016,3/5,1,1.0
S015,唐一鸣,Q017,12%,0,0.0
S015,唐一鸣,Q018,不确定,0,0.0
S015,唐一鸣,Q019,x=3,1,1.0
S015,唐一鸣,Q020,8,1,1.0
S015,唐一鸣,Q021,8℃,1,1.0
S015,唐一鸣,Q022,1/3,1,1.0
S015,唐一鸣,Q023,15,1,1.0
S015,唐一鸣,Q024,相交但不垂直,0,0.0
S015,唐一鸣,Q025,x=4,1,1.0
S015,唐一鸣,Q026,(x-2)(x-3),0,0.0
S015,唐一鸣,Q027,1,1,1.0
S015,唐一鸣,Q028,5/6,1,1.0
S015,唐一鸣,Q029,只看图即可,0,0.0
S015,唐一鸣,Q030,10,1,1.0
S015,唐一鸣,Q031,1/2,1,1.0
S015,唐一鸣,Q032,10,1,1.0
S016,曹欣然,Q001,x=4,1,1.0
S016,曹欣然,Q002,5a-5,1,1.0
S016,曹欣然,Q003,20 平方厘米,1,1.0
S016,曹欣然,Q004,x=2 或 x=3,1,1.0
S016,曹欣然,Q005,1,1,1.0
S016,曹欣然,Q006,x+1,1,1.0
S016,曹欣然,Q007,证明过程不完整,0,0.0
S016,曹欣然,Q008,x=6,1,1.0
S016,曹欣然,Q009,x=-4,1,1.0
S016,曹欣然,Q010,5x-8,1,1.0
S016,曹欣然,Q011,42 平方厘米,1,1.0
S016,曹欣然,Q012,x=3 或 x=-3,1,1.0
S016,曹欣然,Q013,-2,1,1.0
S016,曹欣然,Q014,2x,0,0.0
S016,曹欣然,Q015,不一定相似,0,0.0
S016,曹欣然,Q016,3/5,1,1.0
S016,曹欣然,Q017,30%,1,1.0
S016,曹欣然,Q018,相等,1,1.0
S016,曹欣然,Q019,x=3,1,1.0
S016,曹欣然,Q020,8,1,1.0
S016,曹欣然,Q021,8℃,1,1.0
S016,曹欣然,Q022,1/3,1,1.0
S016,曹欣然,Q023,30,0,0.0
S016,曹欣然,Q024,垂直,1,1.0
S016,曹欣然,Q025,x=3,0,0.0
S016,曹欣然,Q026,不能分解,0,0.0
S016,曹欣然,Q027,1,1,1.0
S016,曹欣然,Q028,5/6,1,1.0
S016,曹欣然,Q029,只看图即可,0,0.0
S016,曹欣然,Q030,10,1,1.0
S016,曹欣然,Q031,1/2,1,1.0
S016,曹欣然,Q032,5,0,0.0
S017,冯子涵,Q001,x=4,1,1.0
S017,冯子涵,Q002,a-5,0,0.0
S017,冯子涵,Q003,20 平方厘米,1,1.0
S017,冯子涵,Q004,x=2 或 x=3,1,1.0
S017,冯子涵,Q005,-1,0,0.0
S017,冯子涵,Q006,1,0,0.0
S017,冯子涵,Q007,因为两边相等所以角相等,0,0.0
S017,冯子涵,Q008,x=6,1,1.0
S017,冯子涵,Q009,x=-4,1,1.0
S017,冯子涵,Q010,5x-8,1,1.0
S017,冯子涵,Q011,42 平方厘米,1,1.0
S017,冯子涵,Q012,x=3,0,0.0
S017,冯子涵,Q013,-2,1,1.0
S017,冯子涵,Q014,1/(2x),1,1.0
S017,冯子涵,Q015,相似,1,1.0
S017,冯子涵,Q016,3/5,1,1.0
S017,冯子涵,Q017,30%,1,1.0
S017,冯子涵,Q018,不确定,0,0.0
S017,冯子涵,Q019,x=3,1,1.0
S017,冯子涵,Q020,10,0,0.0
S017,冯子涵,Q021,8℃,1,1.0
S017,冯子涵,Q022,1/3,1,1.0
S017,冯子涵,Q023,15,1,1.0
S017,冯子涵,Q024,平行,0,0.0
S017,冯子涵,Q025,x=8,0,0.0
S017,冯子涵,Q026,(x+2)(x+3),1,1.0
S017,冯子涵,Q027,-1,0,0.0
S017,冯子涵,Q028,5/6,1,1.0
S017,冯子涵,Q029,不用辅助线,0,0.0
S017,冯子涵,Q030,10,1,1.0
S017,冯子涵,Q031,3/4,0,0.0
S017,冯子涵,Q032,25,0,0.0
S018,梁晨,Q001,x=4,1,1.0
S018,梁晨,Q002,6a-5,0,0.0
S018,梁晨,Q003,20 平方厘米,1,1.0
S018,梁晨,Q004,x=2 或 x=3,1,1.0
S018,梁晨,Q005,1,1,1.0
S018,梁晨,Q006,x^2+1,0,0.0
S018,梁晨,Q007,两角相等,0,0.0
S018,梁晨,Q008,x=6,1,1.0
S018,梁晨,Q009,x=-4,1,1.0
S018,梁晨,Q010,6x-8,0,0.0
S018,梁晨,Q011,42 平方厘米,1,1.0
S018,梁晨,Q012,x=3 或 x=-3,1,1.0
S018,梁晨,Q013,10,0,0.0
S018,梁晨,Q014,1/(4x),0,0.0
S018,梁晨,Q015,相似,1,1.0
S018,梁晨,Q016,3/2,0,0.0
S018,梁晨,Q017,30%,1,1.0
S018,梁晨,Q018,相等,1,1.0
S018,梁晨,Q019,x=3,1,1.0
S018,梁晨,Q020,8,1,1.0
S018,梁晨,Q021,8℃,1,1.0
S018,梁晨,Q022,1/3,1,1.0
S018,梁晨,Q023,30,0,0.0
S018,梁晨,Q024,相交但不垂直,0,0.0
S018,梁晨,Q025,x=6,0,0.0
S018,梁晨,Q026,不能分解,0,0.0
S018,梁晨,Q027,7,0,0.0
S018,梁晨,Q028,5/6,1,1.0
S018,梁晨,Q029,连接一条对角线,1,1.0
S018,梁晨,Q030,10,1,1.0
S018,梁晨,Q031,1/2,1,1.0
S018,梁晨,Q032,10,1,1.0
S019,宋佳琪,Q001,x=4,1,1.0
S019,宋佳琪,Q002,5a-5,1,1.0
S019,宋佳琪,Q003,20 平方厘米,1,1.0
S019,宋佳琪,Q004,x=1 或 x=6,0,0.0
S019,宋佳琪,Q005,1,1,1.0
S019,宋佳琪,Q006,x-1,0,0.0
S019,宋佳琪,Q007,作顶角平分线，可证明两个三角形全等，从而底角相等。,1,1.0
S019,宋佳琪,Q008,x=4,0,0.0
S019,宋佳琪,Q009,x=-9,0,0.0
S019,宋佳琪,Q010,5x-8,1,1.0
S019,宋佳琪,Q011,42 平方厘米,1,1.0
S019,宋佳琪,Q012,x=3 或 x=-3,1,1.0
S019,宋佳琪,Q013,-2,1,1.0
S019,宋佳琪,Q014,1/(2x),1,1.0
S019,宋佳琪,Q015,相似,1,1.0
S019,宋佳琪,Q016,2/5,0,0.0
S019,宋佳琪,Q017,40%,0,0.0
S019,宋佳琪,Q018,相等,1,1.0
S019,宋佳琪,Q019,x=7,0,0.0
S019,宋佳琪,Q020,6,0,0.0
S019,宋佳琪,Q021,8℃,1,1.0
S019,宋佳琪,Q022,1/3,1,1.0
S019,宋佳琪,Q023,30,0,0.0
S019,宋佳琪,Q024,垂直,1,1.0
S019,宋佳琪,Q025,x=6,0,0.0
S019,宋佳琪,Q026,(x+2)(x+3),1,1.0
S019,宋佳琪,Q027,1,1,1.0
S019,宋佳琪,Q028,5/6,1,1.0
S019,宋佳琪,Q029,连接一条对角线,1,1.0
S019,宋佳琪,Q030,6,0,0.0
S019,宋佳琪,Q031,3/4,0,0.0
S019,宋佳琪,Q032,10,1,1.0
S020,韩硕,Q001,x=4,1,1.0
S020,韩硕,Q002,5a+5,0,0.0
S020,韩硕,Q003,20 平方厘米,1,1.0
S020,韩硕,Q004,x=1 或 x=6,0,0.0
S020,韩硕,Q005,-1,0,0.0
S020,韩硕,Q006,x+1,1,1.0
S020,韩硕,Q007,证明过程不完整,0,0.0
S020,韩硕,Q008,x=4,0,0.0
S020,韩硕,Q009,x=9,0,0.0
S020,韩硕,Q010,6x-8,0,0.0
S020,韩硕,Q011,84 平方厘米,0,0.0
S020,韩硕,Q012,x=3,0,0.0
S020,韩硕,Q013,-10,0,0.0
S020,韩硕,Q014,1/(2x),1,1.0
S020,韩硕,Q015,不一定相似,0,0.0
S020,韩硕,Q016,3/5,1,1.0
S020,韩硕,Q017,30%,1,1.0
S020,韩硕,Q018,相等,1,1.0
S020,韩硕,Q019,x=2,0,0.0
S020,韩硕,Q020,10,0,0.0
S020,韩硕,Q021,6℃,0,0.0
S020,韩硕,Q022,1/3,1,1.0
S020,韩硕,Q023,2.4,0,0.0
S020,韩硕,Q024,垂直,1,1.0
S020,韩硕,Q025,x=3,0,0.0
S020,韩硕,Q026,(x+1)(x+6),0,0.0
S020,韩硕,Q027,13,0,0.0
S020,韩硕,Q028,5/6,1,1.0
S020,韩硕,Q029,连接任意一边,0,0.0
S020,韩硕,Q030,10,1,1.0
S020,韩硕,Q031,1/2,1,1.0
S020,韩硕,Q032,2.5,0,0.0
S021,蒋依依,Q001,x=4,1,1.0
S021,蒋依依,Q002,5a-5,1,1.0
S021,蒋依依,Q003,20 平方厘米,1,1.0
S021,蒋依依,Q004,x=1 或 x=6,0,0.0
S021,蒋依依,Q005,-1,0,0.0
S021,蒋依依,Q006,x+1,1,1.0
S021,蒋依依,Q007,作顶角平分线，可证明两个三角形全等，从而底角相等。,1,1.0
S021,蒋依依,Q008,x=6,1,1.0
S021,蒋依依,Q009,x=-4,1,1.0
S021,蒋依依,Q010,5x+8,0,0.0
S021,蒋依依,Q011,60 平方厘米,0,0.0
S021,蒋依依,Q012,x=0,0,0.0
S021,蒋依依,Q013,-2,1,1.0
S021,蒋依依,Q014,1/(2x),1,1.0
S021,蒋依依,Q015,相似,1,1.0
S021,蒋依依,Q016,3/5,1,1.0
S021,蒋依依,Q017,30%,1,1.0
S021,蒋依依,Q018,相等,1,1.0
S021,蒋依依,Q019,x=3,1,1.0
S021,蒋依依,Q020,8,1,1.0
S021,蒋依依,Q021,44℃,0,0.0
S021,蒋依依,Q022,1/3,1,1.0
S021,蒋依依,Q023,12,0,0.0
S021,蒋依依,Q024,垂直,1,1.0
S021,蒋依依,Q025,x=8,0,0.0
S021,蒋依依,Q026,(x+2)(x+3),1,1.0
S021,蒋依依,Q027,1,1,1.0
S021,蒋依依,Q028,5/6,1,1.0
S021,蒋依依,Q029,连接一条对角线,1,1.0
S021,蒋依依,Q030,10,1,1.0
S021,蒋依依,Q031,1/2,1,1.0
S021,蒋依依,Q032,10,1,1.0
S022,罗天宇,Q001,x=4,1,1.0
S022,罗天宇,Q002,5a-5,1,1.0
S022,罗天宇,Q003,20 平方厘米,1,1.0
S022,罗天宇,Q004,x=1 或 x=6,0,0.0
S022,罗天宇,Q005,-1,0,0.0
S022,罗天宇,Q006,x+1,1,1.0
S022,罗天宇,Q007,作顶角平分线，可证明两个三角形全等，从而底角相等。,1,1.0
S022,罗天宇,Q008,x=6,1,1.0
S022,罗天宇,Q009,x=-4,1,1.0
S022,罗天宇,Q010,5x-8,1,1.0
S022,罗天宇,Q011,42 平方厘米,1,1.0
S022,罗天宇,Q012,x=3 或 x=-3,1,1.0
S022,罗天宇,Q013,-2,1,1.0
S022,罗天宇,Q014,1/(2x),1,1.0
S022,罗天宇,Q015,相似,1,1.0
S022,罗天宇,Q016,3/5,1,1.0
S022,罗天宇,Q017,30%,1,1.0
S022,罗天宇,Q018,互补,0,0.0
S022,罗天宇,Q019,x=2,0,0.0
S022,罗天宇,Q020,8,1,1.0
S022,罗天宇,Q021,10℃,0,0.0
S022,罗天宇,Q022,1/3,1,1.0
S022,罗天宇,Q023,15,1,1.0
S022,罗天宇,Q024,垂直,1,1.0
S022,罗天宇,Q025,x=4,1,1.0
S022,罗天宇,Q026,(x+2)(x+3),1,1.0
S022,罗天宇,Q027,1,1,1.0
S022,罗天宇,Q028,5/6,1,1.0
S022,罗天宇,Q029,只看图即可,0,0.0
S022,罗天宇,Q030,10,1,1.0
S022,罗天宇,Q031,1/2,1,1.0
S022,罗天宇,Q032,10,1,1.0
S023,邓诗雨,Q001,x=4,1,1.0
S023,邓诗雨,Q002,5a-5,1,1.0
S023,邓诗雨,Q003,20 平方厘米,1,1.0
S023,邓诗雨,Q004,不会,0,0.0
S023,邓诗雨,Q005,1,1,1.0
S023,邓诗雨,Q006,x-1,0,0.0
S023,邓诗雨,Q007,两角相等,0,0.0
S023,邓诗雨,Q008,x=6,1,1.0
S023,邓诗雨,Q009,x=-4,1,1.0
S023,邓诗雨,Q010,5x-8,1,1.0
S023,邓诗雨,Q011,84 平方厘米,0,0.0
S023,邓诗雨,Q012,x=3 或 x=-3,1,1.0
S023,邓诗雨,Q013,-2,1,1.0
S023,邓诗雨,Q014,2x,0,0.0
S023,邓诗雨,Q015,不一定相似,0,0.0
S023,邓诗雨,Q016,3/5,1,1.0
S023,邓诗雨,Q017,30%,1,1.0
S023,邓诗雨,Q018,不确定,0,0.0
S023,邓诗雨,Q019,x=3,1,1.0
S023,邓诗雨,Q020,10,0,0.0
S023,邓诗雨,Q021,8℃,1,1.0
S023,邓诗雨,Q022,1/2,0,0.0
S023,邓诗雨,Q023,30,0,0.0
S023,邓诗雨,Q024,平行,0,0.0
S023,邓诗雨,Q025,x=3,0,0.0
S023,邓诗雨,Q026,(x-2)(x-3),0,0.0
S023,邓诗雨,Q027,1,1,1.0
S023,邓诗雨,Q028,5/6,1,1.0
S023,邓诗雨,Q029,不用辅助线,0,0.0
S023,邓诗雨,Q030,10,1,1.0
S023,邓诗雨,Q031,1/2,1,1.0
S023,邓诗雨,Q032,2.5,0,0.0
S024,彭越,Q001,x=4,1,1.0
S024,彭越,Q002,5a-5,1,1.0
S024,彭越,Q003,20 平方厘米,1,1.0
S024,彭越,Q004,x=2 或 x=3,1,1.0
S024,彭越,Q005,1,1,1.0
S024,彭越,Q006,x-1,0,0.0
S024,彭越,Q007,两角相等,0,0.0
S024,彭越,Q008,x=2,0,0.0
S024,彭越,Q009,x=-4,1,1.0
S024,彭越,Q010,5x-8,1,1.0
S024,彭越,Q011,84 平方厘米,0,0.0
S024,彭越,Q012,x=3 或 x=-3,1,1.0
S024,彭越,Q013,-2,1,1.0
S024,彭越,Q014,1/(2x),1,1.0
S024,彭越,Q015,相似,1,1.0
S024,彭越,Q016,3/5,1,1.0
S024,彭越,Q017,30%,1,1.0
S024,彭越,Q018,相等,1,1.0
S024,彭越,Q019,x=3,1,1.0
S024,彭越,Q020,8,1,1.0
S024,彭越,Q021,8℃,1,1.0
S024,彭越,Q022,1/3,1,1.0
S024,彭越,Q023,15,1,1.0
S024,彭越,Q024,重合,0,0.0
S024,彭越,Q025,x=4,1,1.0
S024,彭越,Q026,(x+2)(x+3),1,1.0
S024,彭越,Q027,1,1,1.0
S024,彭越,Q028,5/6,1,1.0
S024,彭越,Q029,只看图即可,0,0.0
S024,彭越,Q030,10,1,1.0
S024,彭越,Q031,1/2,1,1.0
S024,彭越,Q032,10,1,1.0
S025,乔安,Q001,x=7,0,0.0
S025,乔安,Q002,5a-5,1,1.0
S025,乔安,Q003,20 平方厘米,1,1.0
S025,乔安,Q004,x=2 或 x=3,1,1.0
S025,乔安,Q005,1,1,1.0
S025,乔安,Q006,1,0,0.0
S025,乔安,Q007,因为两边相等所以角相等,0,0.0
S025,乔安,Q008,x=6,1,1.0
S025,乔安,Q009,x=-4,1,1.0
S025,乔安,Q010,5x-8,1,1.0
S025,乔安,Q011,42 平方厘米,1,1.0
S025,乔安,Q012,x=3,0,0.0
S025,乔安,Q013,-10,0,0.0
S025,乔安,Q014,1/(4x),0,0.0
S025,乔安,Q015,不一定相似,0,0.0
S025,乔安,Q016,3/5,1,1.0
S025,乔安,Q017,30%,1,1.0
S025,乔安,Q018,不确定,0,0.0
S025,乔安,Q019,x=-3,0,0.0
S025,乔安,Q020,8,1,1.0
S025,乔安,Q021,8℃,1,1.0
S025,乔安,Q022,1/3,1,1.0
S025,乔安,Q023,15,1,1.0
S025,乔安,Q024,垂直,1,1.0
S025,乔安,Q025,x=4,1,1.0
S025,乔安,Q026,(x+2)(x+3),1,1.0
S025,乔安,Q027,-1,0,0.0
S025,乔安,Q028,2/6,0,0.0
S025,乔安,Q029,连接一条对角线,1,1.0
S025,乔安,Q030,10,1,1.0
S025,乔安,Q031,1/4,0,0.0
S025,乔安,Q032,10,1,1.0
S026,余嘉,Q001,x=5,0,0.0
S026,余嘉,Q002,5a-5,1,1.0
S026,余嘉,Q003,20 平方厘米,1,1.0
S026,余嘉,Q004,x=2 或 x=3,1,1.0
S026,余嘉,Q005,1,1,1.0
S026,余嘉,Q006,x+1,1,1.0
S026,余嘉,Q007,作顶角平分线，可证明两个三角形全等，从而底角相等。,1,1.0
S026,余嘉,Q008,x=4,0,0.0
S026,余嘉,Q009,x=-4,1,1.0
S026,余嘉,Q010,5x-4,0,0.0
S026,余嘉,Q011,42 厘米,0,0.0
S026,余嘉,Q012,x=3 或 x=-3,1,1.0
S026,余嘉,Q013,-10,0,0.0
S026,余嘉,Q014,2x,0,0.0
S026,余嘉,Q015,不一定相似,0,0.0
S026,余嘉,Q016,3/5,1,1.0
S026,余嘉,Q017,30%,1,1.0
S026,余嘉,Q018,相等,1,1.0
S026,余嘉,Q019,x=3,1,1.0
S026,余嘉,Q020,8,1,1.0
S026,余嘉,Q021,8℃,1,1.0
S026,余嘉,Q022,1/3,1,1.0
S026,余嘉,Q023,2.4,0,0.0
S026,余嘉,Q024,垂直,1,1.0
S026,余嘉,Q025,x=3,0,0.0
S026,余嘉,Q026,不能分解,0,0.0
S026,余嘉,Q027,7,0,0.0
S026,余嘉,Q028,2/5,0,0.0
S026,余嘉,Q029,连接一条对角线,1,1.0
S026,余嘉,Q030,10,1,1.0
S026,余嘉,Q031,1/2,1,1.0
S026,余嘉,Q032,10,1,1.0
S027,杜若,Q001,x=4,1,1.0
S027,杜若,Q002,5a-5,1,1.0
S027,杜若,Q003,20 平方厘米,1,1.0
S027,杜若,Q004,x=2 或 x=3,1,1.0
S027,杜若,Q005,1,1,1.0
S027,杜若,Q006,x+1,1,1.0
S027,杜若,Q007,作顶角平分线，可证明两个三角形全等，从而底角相等。,1,1.0
S027,杜若,Q008,x=6,1,1.0
S027,杜若,Q009,x=-4,1,1.0
S027,杜若,Q010,5x-8,1,1.0
S027,杜若,Q011,84 平方厘米,0,0.0
S027,杜若,Q012,x=3 或 x=-3,1,1.0
S027,杜若,Q013,-2,1,1.0
S027,杜若,Q014,1/2,0,0.0
S027,杜若,Q015,相似,1,1.0
S027,杜若,Q016,1/3,0,0.0
S027,杜若,Q017,30%,1,1.0
S027,杜若,Q018,相等,1,1.0
S027,杜若,Q019,x=-3,0,0.0
S027,杜若,Q020,8,1,1.0
S027,杜若,Q021,8℃,1,1.0
S027,杜若,Q022,1/3,1,1.0
S027,杜若,Q023,15,1,1.0
S027,杜若,Q024,相交但不垂直,0,0.0
S027,杜若,Q025,x=3,0,0.0
S027,杜若,Q026,(x+2)(x+3),1,1.0
S027,杜若,Q027,1,1,1.0
S027,杜若,Q028,5/6,1,1.0
S027,杜若,Q029,只看图即可,0,0.0
S027,杜若,Q030,10,1,1.0
S027,杜若,Q031,1/2,1,1.0
S027,杜若,Q032,10,1,1.0
S028,叶航,Q001,x=4,1,1.0
S028,叶航,Q002,6a-5,0,0.0
S028,叶航,Q003,13 平方厘米,0,0.0
S028,叶航,Q004,x=2,0,0.0
S028,叶航,Q005,2,0,0.0
S028,叶航,Q006,x+1,1,1.0
S028,叶航,Q007,作顶角平分线，可证明两个三角形全等，从而底角相等。,1,1.0
S028,叶航,Q008,x=2,0,0.0
S028,叶航,Q009,x=-4,1,1.0
S028,叶航,Q010,5x-8,1,1.0
S028,叶航,Q011,84 平方厘米,0,0.0
S028,叶航,Q012,x=3 或 x=-3,1,1.0
S028,叶航,Q013,-10,0,0.0
S028,叶航,Q014,1/(2x),1,1.0
S028,叶航,Q015,相似,1,1.0
S028,叶航,Q016,3/2,0,0.0
S028,叶航,Q017,12%,0,0.0
S028,叶航,Q018,相等,1,1.0
S028,叶航,Q019,x=7,0,0.0
S028,叶航,Q020,8,1,1.0
S028,叶航,Q021,8℃,1,1.0
S028,叶航,Q022,1/3,1,1.0
S028,叶航,Q023,15,1,1.0
S028,叶航,Q024,垂直,1,1.0
S028,叶航,Q025,x=4,1,1.0
S028,叶航,Q026,(x+1)(x+6),0,0.0
S028,叶航,Q027,1,1,1.0
S028,叶航,Q028,5/6,1,1.0
S028,叶航,Q029,连接一条对角线,1,1.0
S028,叶航,Q030,10,1,1.0
S028,叶航,Q031,1/2,1,1.0
S028,叶航,Q032,10,1,1.0
S029,沈青,Q001,x=4,1,1.0
S029,沈青,Q002,5a-5,1,1.0
S029,沈青,Q003,20 平方厘米,1,1.0
S029,沈青,Q004,x=2 或 x=3,1,1.0
S029,沈青,Q005,1,1,1.0
S029,沈青,Q006,x+1,1,1.0
S029,沈青,Q007,证明过程不完整,0,0.0
S029,沈青,Q008,x=8,0,0.0
S029,沈青,Q009,x=-4,1,1.0
S029,沈青,Q010,5x-8,1,1.0
S029,沈青,Q011,42 平方厘米,1,1.0
S029,沈青,Q012,x=3 或 x=-3,1,1.0
S029,沈青,Q013,-10,0,0.0
S029,沈青,Q014,1/(2x),1,1.0
S029,沈青,Q015,无法判断,0,0.0
S029,沈青,Q016,3/5,1,1.0
S029,沈青,Q017,30%,1,1.0
S029,沈青,Q018,相加等于圆心角,0,0.0
S029,沈青,Q019,x=3,1,1.0
S029,沈青,Q020,6,0,0.0
S029,沈青,Q021,8℃,1,1.0
S029,沈青,Q022,1/3,1,1.0
S029,沈青,Q023,15,1,1.0
S029,沈青,Q024,相交但不垂直,0,0.0
S029,沈青,Q025,x=4,1,1.0
S029,沈青,Q026,(x+2)(x+3),1,1.0
S029,沈青,Q027,13,0,0.0
S029,沈青,Q028,5/6,1,1.0
S029,沈青,Q029,只看图即可,0,0.0
S029,沈青,Q030,10,1,1.0
S029,沈青,Q031,1/2,1,1.0
S029,沈青,Q032,10,1,1.0
S030,熊博,Q001,x=3,0,0.0
S030,熊博,Q002,5a-5,1,1.0
S030,熊博,Q003,20 平方厘米,1,1.0
S030,熊博,Q004,x=2 或 x=3,1,1.0
S030,熊博,Q005,2,0,0.0
S030,熊博,Q006,x-1,0,0.0
S030,熊博,Q007,因为两边相等所以角相等,0,0.0
S030,熊博,Q008,x=2,0,0.0
S030,熊博,Q009,x=4,0,0.0
S030,熊博,Q010,5x-8,1,1.0
S030,熊博,Q011,42 平方厘米,1,1.0
S030,熊博,Q012,x=0,0,0.0
S030,熊博,Q013,-10,0,0.0
S030,熊博,Q014,1/(2x),1,1.0
S030,熊博,Q015,相似,1,1.0
S030,熊博,Q016,2/5,0,0.0
S030,熊博,Q017,40%,0,0.0
S030,熊博,Q018,相等,1,1.0
S030,熊博,Q019,x=-3,0,0.0
S030,熊博,Q020,8,1,1.0
S030,熊博,Q021,44℃,0,0.0
S030,熊博,Q022,1/2,0,0.0
S030,熊博,Q023,30,0,0.0
S030,熊博,Q024,垂直,1,1.0
S030,熊博,Q025,x=4,1,1.0
S030,熊博,Q026,(x+2)(x+3),1,1.0
S030,熊博,Q027,1,1,1.0
S030,熊博,Q028,5/6,1,1.0
S030,熊博,Q029,连接一条对角线,1,1.0
S030,熊博,Q030,10,1,1.0
S030,熊博,Q031,3/4,0,0.0
S030,熊博,Q032,10,1,1.0
S031,魏思源,Q001,x=4,1,1.0
S031,魏思源,Q002,5a-5,1,1.0
S031,魏思源,Q003,20 厘米,0,0.0
S031,魏思源,Q004,x=2 或 x=3,1,1.0
S031,魏思源,Q005,1,1,1.0
S031,魏思源,Q006,x^2+1,0,0.0
S031,魏思源,Q007,两角相等,0,0.0
S031,魏思源,Q008,x=6,1,1.0
S031,魏思源,Q009,x=-4,1,1.0
S031,魏思源,Q010,5x-8,1,1.0
S031,魏思源,Q011,84 平方厘米,0,0.0
S031,魏思源,Q012,x=3 或 x=-3,1,1.0
S031,魏思源,Q013,-2,1,1.0
S031,魏思源,Q014,2x,0,0.0
S031,魏思源,Q015,相似,1,1.0
S031,魏思源,Q016,3/5,1,1.0
S031,魏思源,Q017,30%,1,1.0
S031,魏思源,Q018,不确定,0,0.0
S031,魏思源,Q019,x=-3,0,0.0
S031,魏思源,Q020,10,0,0.0
S031,魏思源,Q021,8℃,1,1.0
S031,魏思源,Q022,1/3,1,1.0
S031,魏思源,Q023,15,1,1.0
S031,魏思源,Q024,垂直,1,1.0
S031,魏思源,Q025,x=4,1,1.0
S031,魏思源,Q026,(x+2)(x+3),1,1.0
S031,魏思源,Q027,1,1,1.0
S031,魏思源,Q028,5/6,1,1.0
S031,魏思源,Q029,连接一条对角线,1,1.0
S031,魏思源,Q030,10,1,1.0
S031,魏思源,Q031,1/2,1,1.0
S031,魏思源,Q032,10,1,1.0
S032,邹静,Q001,x=4,1,1.0
S032,邹静,Q002,5a-5,1,1.0
S032,邹静,Q003,20 平方厘米,1,1.0
S032,邹静,Q004,x=2 或 x=3,1,1.0
S032,邹静,Q005,-1,0,0.0
S032,邹静,Q006,x+1,1,1.0
S032,邹静,Q007,作顶角平分线，可证明两个三角形全等，从而底角相等。,1,1.0
S032,邹静,Q008,x=8,0,0.0
S032,邹静,Q009,x=-4,1,1.0
S032,邹静,Q010,5x-8,1,1.0
S032,邹静,Q011,42 厘米,0,0.0
S032,邹静,Q012,x=3 或 x=-3,1,1.0
S032,邹静,Q013,-10,0,0.0
S032,邹静,Q014,1/(2x),1,1.0
S032,邹静,Q015,相似,1,1.0
S032,邹静,Q016,3/5,1,1.0
S032,邹静,Q017,3%,0,0.0
S032,邹静,Q018,相等,1,1.0
S032,邹静,Q019,x=3,1,1.0
S032,邹静,Q020,8,1,1.0
S032,邹静,Q021,8℃,1,1.0
S032,邹静,Q022,1/2,0,0.0
S032,邹静,Q023,15,1,1.0
S032,邹静,Q024,垂直,1,1.0
S032,邹静,Q025,x=4,1,1.0
S032,邹静,Q026,(x+2)(x+3),1,1.0
S032,邹静,Q027,1,1,1.0
S032,邹静,Q028,5/6,1,1.0
S032,邹静,Q029,连接一条对角线,1,1.0
S032,邹静,Q030,10,1,1.0
S032,邹静,Q031,1/2,1,1.0
S032,邹静,Q032,5,0,0.0
S033,田昊,Q001,x=4,1,1.0
S033,田昊,Q002,5a-5,1,1.0
S033,田昊,Q003,20 平方厘米,1,1.0
S033,田昊,Q004,x=2 或 x=3,1,1.0
S033,田昊,Q005,1,1,1.0
S033,田昊,Q006,x-1,0,0.0
S033,田昊,Q007,两角相等,0,0.0
S033,田昊,Q008,x=6,1,1.0
S033,田昊,Q009,x=-4,1,1.0
S033,田昊,Q010,5x-8,1,1.0
S033,田昊,Q011,60 平方厘米,0,0.0
S033,田昊,Q012,x=0,0,0.0
S033,田昊,Q013,-2,1,1.0
S033,田昊,Q014,1/(2x),1,1.0
S033,田昊,Q015,相似,1,1.0
S033,田昊,Q016,3/5,1,1.0
S033,田昊,Q017,30%,1,1.0
S033,田昊,Q018,不确定,0,0.0
S033,田昊,Q019,x=3,1,1.0
S033,田昊,Q020,10,0,0.0
S033,田昊,Q021,8℃,1,1.0
S033,田昊,Q022,1/3,1,1.0
S033,田昊,Q023,2.4,0,0.0
S033,田昊,Q024,相交但不垂直,0,0.0
S033,田昊,Q025,x=8,0,0.0
S033,田昊,Q026,(x+2)(x+3),1,1.0
S033,田昊,Q027,13,0,0.0
S033,田昊,Q028,5/6,1,1.0
S033,田昊,Q029,连接一条对角线,1,1.0
S033,田昊,Q030,10,1,1.0
S033,田昊,Q031,1/2,1,1.0
S033,田昊,Q032,2.5,0,0.0
S034,陆瑶,Q001,x=4,1,1.0
S034,陆瑶,Q002,6a-5,0,0.0
S034,陆瑶,Q003,20 平方厘米,1,1.0
S034,陆瑶,Q004,x=1 或 x=6,0,0.0
S034,陆瑶,Q005,2,0,0.0
S034,陆瑶,Q006,x+1,1,1.0
S034,陆瑶,Q007,证明过程不完整,0,0.0
S034,陆瑶,Q008,x=6,1,1.0
S034,陆瑶,Q009,x=-4,1,1.0
S034,陆瑶,Q010,5x-4,0,0.0
S034,陆瑶,Q011,60 平方厘米,0,0.0
S034,陆瑶,Q012,x=3 或 x=-3,1,1.0
S034,陆瑶,Q013,-2,1,1.0
S034,陆瑶,Q014,1/(4x),0,0.0
S034,陆瑶,Q015,相似,1,1.0
S034,陆瑶,Q016,3/5,1,1.0
S034,陆瑶,Q017,30%,1,1.0
S034,陆瑶,Q018,相等,1,1.0
S034,陆瑶,Q019,x=-3,0,0.0
S034,陆瑶,Q020,8,1,1.0
S034,陆瑶,Q021,8℃,1,1.0
S034,陆瑶,Q022,1/3,1,1.0
S034,陆瑶,Q023,30,0,0.0
S034,陆瑶,Q024,垂直,1,1.0
S034,陆瑶,Q025,x=4,1,1.0
S034,陆瑶,Q026,不能分解,0,0.0
S034,陆瑶,Q027,1,1,1.0
S034,陆瑶,Q028,5/6,1,1.0
S034,陆瑶,Q029,连接任意一边,0,0.0
S034,陆瑶,Q030,10,1,1.0
S034,陆瑶,Q031,1/2,1,1.0
S034,陆瑶,Q032,10,1,1.0
S035,白宁,Q001,x=4,1,1.0
S035,白宁,Q002,5a+5,0,0.0
S035,白宁,Q003,20 平方厘米,1,1.0
S035,白宁,Q004,x=2 或 x=3,1,1.0
S035,白宁,Q005,1,1,1.0
S035,白宁,Q006,x+1,1,1.0
S035,白宁,Q007,作顶角平分线，可证明两个三角形全等，从而底角相等。,1,1.0
S035,白宁,Q008,x=6,1,1.0
S035,白宁,Q009,x=-4,1,1.0
S035,白宁,Q010,5x-8,1,1.0
S035,白宁,Q011,42 平方厘米,1,1.0
S035,白宁,Q012,x=3 或 x=-3,1,1.0
S035,白宁,Q013,-2,1,1.0
S035,白宁,Q014,1/(2x),1,1.0
S035,白宁,Q015,相似,1,1.0
S035,白宁,Q016,2/5,0,0.0
S035,白宁,Q017,30%,1,1.0
S035,白宁,Q018,相等,1,1.0
S035,白宁,Q019,x=3,1,1.0
S035,白宁,Q020,8,1,1.0
S035,白宁,Q021,10℃,0,0.0
S035,白宁,Q022,1/2,0,0.0
S035,白宁,Q023,15,1,1.0
S035,白宁,Q024,垂直,1,1.0
S035,白宁,Q025,x=4,1,1.0
S035,白宁,Q026,(x+2)(x+3),1,1.0
S035,白宁,Q027,1,1,1.0
S035,白宁,Q028,5/6,1,1.0
S035,白宁,Q029,连接一条对角线,1,1.0
S035,白宁,Q030,6,0,0.0
S035,白宁,Q031,3/4,0,0.0
S035,白宁,Q032,10,1,1.0
S036,顾晨曦,Q001,x=3,0,0.0
S036,顾晨曦,Q002,5a-5,1,1.0
S036,顾晨曦,Q003,20 平方厘米,1,1.0
S036,顾晨曦,Q004,x=2 或 x=3,1,1.0
S036,顾晨曦,Q005,1,1,1.0
S036,顾晨曦,Q006,x+1,1,1.0
S036,顾晨曦,Q007,两角相等,0,0.0
S036,顾晨曦,Q008,x=6,1,1.0
S036,顾晨曦,Q009,x=-4,1,1.0
S036,顾晨曦,Q010,5x-8,1,1.0
S036,顾晨曦,Q011,42 平方厘米,1,1.0
S036,顾晨曦,Q012,x=3 或 x=-3,1,1.0
S036,顾晨曦,Q013,-10,0,0.0
S036,顾晨曦,Q014,1/(2x),1,1.0
S036,顾晨曦,Q015,不一定相似,0,0.0
S036,顾晨曦,Q016,3/5,1,1.0
S036,顾晨曦,Q017,30%,1,1.0
S036,顾晨曦,Q018,相等,1,1.0
S036,顾晨曦,Q019,x=3,1,1.0
S036,顾晨曦,Q020,18,0,0.0
S036,顾晨曦,Q021,8℃,1,1.0
S036,顾晨曦,Q022,1/3,1,1.0
S036,顾晨曦,Q023,15,1,1.0
S036,顾晨曦,Q024,垂直,1,1.0
S036,顾晨曦,Q025,x=6,0,0.0
S036,顾晨曦,Q026,(x+2)(x+3),1,1.0
S036,顾晨曦,Q027,7,0,0.0
S036,顾晨曦,Q028,5/6,1,1.0
S036,顾晨曦,Q029,连接一条对角线,1,1.0
S036,顾晨曦,Q030,10,1,1.0
S036,顾晨曦,Q031,1/2,1,1.0
S036,顾晨曦,Q032,10,1,1.0
S037,任泽,Q001,x=4,1,1.0
S037,任泽,Q002,5a-5,1,1.0
S037,任泽,Q003,20 平方厘米,1,1.0
S037,任泽,Q004,x=2,0,0.0
S037,任泽,Q005,-1,0,0.0
S037,任泽,Q006,x+1,1,1.0
S037,任泽,Q007,作顶角平分线，可证明两个三角形全等，从而底角相等。,1,1.0
S037,任泽,Q008,x=6,1,1.0
S037,任泽,Q009,x=9,0,0.0
S037,任泽,Q010,5x-8,1,1.0
S037,任泽,Q011,42 平方厘米,1,1.0
S037,任泽,Q012,x=3 或 x=-3,1,1.0
S037,任泽,Q013,-2,1,1.0
S037,任泽,Q014,1/(2x),1,1.0
S037,任泽,Q015,相似,1,1.0
S037,任泽,Q016,2/5,0,0.0
S037,任泽,Q017,30%,1,1.0
S037,任泽,Q018,相等,1,1.0
S037,任泽,Q019,x=-3,0,0.0
S037,任泽,Q020,8,1,1.0
S037,任泽,Q021,8℃,1,1.0
S037,任泽,Q022,1/3,1,1.0
S037,任泽,Q023,2.4,0,0.0
S037,任泽,Q024,垂直,1,1.0
S037,任泽,Q025,x=3,0,0.0
S037,任泽,Q026,(x+2)(x+3),1,1.0
S037,任泽,Q027,1,1,1.0
S037,任泽,Q028,5/6,1,1.0
S037,任泽,Q029,连接一条对角线,1,1.0
S037,任泽,Q030,10,1,1.0
S037,任泽,Q031,1/2,1,1.0
S037,任泽,Q032,10,1,1.0
S038,姚璐,Q001,x=4,1,1.0
S038,姚璐,Q002,5a-5,1,1.0
S038,姚璐,Q003,20 平方厘米,1,1.0
S038,姚璐,Q004,x=2,0,0.0
S038,姚璐,Q005,3,0,0.0
S038,姚璐,Q006,x-1,0,0.0
S038,姚璐,Q007,证明过程不完整,0,0.0
S038,姚璐,Q008,x=8,0,0.0
S038,姚璐,Q009,x=-9,0,0.0
S038,姚璐,Q010,6x-8,0,0.0
S038,姚璐,Q011,42 厘米,0,0.0
S038,姚璐,Q012,x=0,0,0.0
S038,姚璐,Q013,-2,1,1.0
S038,姚璐,Q014,1/(2x),1,1.0
S038,姚璐,Q015,相似,1,1.0
S038,姚璐,Q016,2/5,0,0.0
S038,姚璐,Q017,40%,0,0.0
S038,姚璐,Q018,不确定,0,0.0
S038,姚璐,Q019,x=-3,0,0.0
S038,姚璐,Q020,6,0,0.0
S038,姚璐,Q021,8℃,1,1.0
S038,姚璐,Q022,1/6,0,0.0
S038,姚璐,Q023,30,0,0.0
S038,姚璐,Q024,垂直,1,1.0
S038,姚璐,Q025,x=8,0,0.0
S038,姚璐,Q026,不能分解,0,0.0
S038,姚璐,Q027,1,1,1.0
S038,姚璐,Q028,5/6,1,1.0
S038,姚璐,Q029,连接一条对角线,1,1.0
S038,姚璐,Q030,10,1,1.0
S038,姚璐,Q031,3/4,0,0.0
S038,姚璐,Q032,10,1,1.0
S039,邵洋,Q001,x=4,1,1.0
S039,邵洋,Q002,5a+5,0,0.0
S039,邵洋,Q003,20 平方厘米,1,1.0
S039,邵洋,Q004,x=2,0,0.0
S039,邵洋,Q005,2,0,0.0
S039,邵洋,Q006,x^2+1,0,0.0
S039,邵洋,Q007,因为两边相等所以角相等,0,0.0
S039,邵洋,Q008,x=4,0,0.0
S039,邵洋,Q009,x=-4,1,1.0
S039,邵洋,Q010,5x-8,1,1.0
S039,邵洋,Q011,42 平方厘米,1,1.0
S039,邵洋,Q012,x=3,0,0.0
S039,邵洋,Q013,10,0,0.0
S039,邵洋,Q014,1/(2x),1,1.0
S039,邵洋,Q015,全等,0,0.0
S039,邵洋,Q016,3/5,1,1.0
S039,邵洋,Q017,30%,1,1.0
S039,邵洋,Q018,相等,1,1.0
S039,邵洋,Q019,x=3,1,1.0
S039,邵洋,Q020,8,1,1.0
S039,邵洋,Q021,8℃,1,1.0
S039,邵洋,Q022,1/3,1,1.0
S039,邵洋,Q023,2.4,0,0.0
S039,邵洋,Q024,垂直,1,1.0
S039,邵洋,Q025,x=8,0,0.0
S039,邵洋,Q026,不能分解,0,0.0
S039,邵洋,Q027,1,1,1.0
S039,邵洋,Q028,2/6,0,0.0
S039,邵洋,Q029,连接任意一边,0,0.0
S039,邵洋,Q030,10,1,1.0
S039,邵洋,Q031,1/2,1,1.0
S039,邵洋,Q032,10,1,1.0
S040,程雪,Q001,x=5,0,0.0
S040,程雪,Q002,5a-5,1,1.0
S040,程雪,Q003,20 平方厘米,1,1.0
S040,程雪,Q004,x=2 或 x=3,1,1.0
S040,程雪,Q005,1,1,1.0
S040,程雪,Q006,1,0,0.0
S040,程雪,Q007,作顶角平分线，可证明两个三角形全等，从而底角相等。,1,1.0
S040,程雪,Q008,x=4,0,0.0
S040,程雪,Q009,x=-4,1,1.0
S040,程雪,Q010,5x-8,1,1.0
S040,程雪,Q011,42 平方厘米,1,1.0
S040,程雪,Q012,x=0,0,0.0
S040,程雪,Q013,-2,1,1.0
S040,程雪,Q014,1/(2x),1,1.0
S040,程雪,Q015,相似,1,1.0
S040,程雪,Q016,3/5,1,1.0
S040,程雪,Q017,30%,1,1.0
S040,程雪,Q018,互补,0,0.0
S040,程雪,Q019,x=-3,0,0.0
S040,程雪,Q020,6,0,0.0
S040,程雪,Q021,6℃,0,0.0
S040,程雪,Q022,1/6,0,0.0
S040,程雪,Q023,15,1,1.0
S040,程雪,Q024,垂直,1,1.0
S040,程雪,Q025,x=4,1,1.0
S040,程雪,Q026,(x+2)(x+3),1,1.0
S040,程雪,Q027,7,0,0.0
S040,程雪,Q028,5/6,1,1.0
S040,程雪,Q029,连接一条对角线,1,1.0
S040,程雪,Q030,10,1,1.0
S040,程雪,Q031,1/2,1,1.0
S040,程雪,Q032,10,1,1.0
